<code_scheme name="Default" version="173">
  <JetCodeStyleSettings>
    <option name="PACKAGES_TO_USE_STAR_IMPORTS">
      <value>
        <package name="java.util" alias="false" withSubpackages="false" />
        <package name="kotlinx.android.synthetic" alias="false" withSubpackages="true" />
        <package name="io.ktor" alias="false" withSubpackages="true" />
      </value>
    </option>
    <option name="PACKAGES_IMPORT_LAYOUT">
      <value>
        <package name="" alias="false" withSubpackages="true" />
        <package name="java" alias="false" withSubpackages="true" />
        <package name="javax" alias="false" withSubpackages="true" />
        <package name="kotlin" alias="false" withSubpackages="true" />
        <package name="" alias="true" withSubpackages="true" />
      </value>
    </option>
  </JetCodeStyleSettings>
  <codeStyleSettings language="Groovy">
    <indentOptions>
      <option name="INDENT_SIZE" value="2" />
      <option name="TAB_SIZE" value="2" />
    </indentOptions>
  </codeStyleSettings>
</code_scheme>