<application>
  <component name="FileTypeManager" version="17">
    <extensionMap>
      <mapping pattern="_dataTreeTableLoadedRows" type="GSP" />
      <mapping ext="gradle.kts" type="Kotlin" />
      <mapping ext="main.kts" type="Kotlin" />
      <mapping pattern="1" type="PLAIN_TEXT" />
      <mapping pattern="gradlew" type="PLAIN_TEXT" />
      <mapping pattern="as" type="PLAIN_TEXT" />
      <mapping pattern="editDbPropertiesAndInitDb" type="PLAIN_TEXT" />
      <mapping pattern="V1_Just_add_vo.sql" type="PLAIN_TEXT" />
      <mapping pattern="tabs.css" type="PLAIN_TEXT" />
      <mapping ext="data" type="PLAIN_TEXT" />
      <mapping ext="jks" type="PLAIN_TEXT" />
      <mapping ext="text" type="PLAIN_TEXT" />
      <mapping ext="db" type="PLAIN_TEXT" />
    </extensionMap>
  </component>
</application>