<application>
  <component name="ProjectManager">
    <defaultProject>
      <component name="DefaultGradleProjectSettings">
        <option name="isMigrated" value="true" />
      </component>
      <component name="GradleLocalSettings">
        <option name="projectSyncType">
          <map>
            <entry key="C:/!ECM исходники/galantis-ecm-master" value="PREVIEW" />
            <entry key="$USER_HOME$/Desktop/gorm-without-grails-master" value="PREVIEW" />
            <entry key="$USER_HOME$/Desktop/grails-forge-master" value="PREVIEW" />
            <entry key="$USER_HOME$/Desktop/react-start-master" value="PREVIEW" />
            <entry key="C:/git/application-events-with-spring-master" value="PREVIEW" />
            <entry key="C:/git/bla" value="PREVIEW" />
            <entry key="C:/git/galantis-ecm" value="PREVIEW" />
            <entry key="C:/git/galantis.internal.ecm/acq2020" value="PREVIEW" />
            <entry key="C:/git/galantis.internal.ecm/blago" value="PREVIEW" />
            <entry key="C:/git/galantis.internal.ecm/ecm-solution" value="PREVIEW" />
            <entry key="C:/git/galantis.internal.ecm/ecm-solution-master" value="PREVIEW" />
            <entry key="C:/git/galantis.internal.ecm/ecm-solution-master2" value="PREVIEW" />
            <entry key="C:/git/galantis.internal.ecm/galaktika-crm" value="PREVIEW" />
            <entry key="C:/git/galantis.internal.ecm/galaktika-eim" value="PREVIEW" />
            <entry key="C:/git/galantis.internal.ecm/galantis-ecm" value="PREVIEW" />
            <entry key="C:/git/galantis.internal.ecm/galantis-ecm-1.4" value="PREVIEW" />
            <entry key="C:/git/galantis.internal.ecm/galantis-ecm2" value="PREVIEW" />
            <entry key="C:/git/galantis.internal.ecm/master.temp" value="PREVIEW" />
            <entry key="C:/git/galantis.internal.ecm/pkg-ea" value="PREVIEW" />
            <entry key="C:/git/grails-multi-project-build-master" value="PREVIEW" />
            <entry key="C:/git/gs-centralized-configuration-LOCAL/complete" value="PREVIEW" />
            <entry key="C:/git/gs-centralized-configuration/initial" value="PREVIEW" />
            <entry key="C:/git/scan2ecm" value="PREVIEW" />
            <entry key="C:/git/so-yaml-master" value="PREVIEW" />
            <entry key="C:/git/spring-cloud-config-server-example-master" value="PREVIEW" />
            <entry key="C:/git/springfox-grails-demo-master" value="PREVIEW" />
            <entry key="C:/test/test-app" value="PREVIEW" />
            <entry key="C:/test/untitled" value="PREVIEW" />
            <entry key="D:/Programms for programming/Grails Tests/grails_test" value="PREVIEW" />
            <entry key="D:/Programms for programming/Grails Tests/guestbook" value="PREVIEW" />
            <entry key="D:/Programms for programming/Grails Tests/servergrails" value="PREVIEW" />
            <entry key="D:/Programms for programming/Grails Tests/trip-planner" value="PREVIEW" />
            <entry key="D:/Programms for programming/guestbook" value="PREVIEW" />
          </map>
        </option>
      </component>
      <component name="MavenImportPreferences">
        <option name="generalSettings">
          <MavenGeneralSettings>
            <option name="mavenHome" value="C:\Program Files\JetBrains\IntelliJ IDEA 2020.1.4\plugins\maven\lib\maven3" />
          </MavenGeneralSettings>
        </option>
      </component>
      <component name="PropertiesComponent">
        <property name="last_opened_file_path" value="C:/git/galantis.ecm.trunk" />
      </component>
      <component name="SvnConfiguration">
        <configuration>C:\Users\mandrievski\AppData\Roaming\Subversion</configuration>
      </component>
      <component name="masterDetails">
        <states>
          <state key="ProjectJDKs.UI">
            <settings>
              <last-edited>11</last-edited>
              <splitter-proportions>
                <option name="proportions">
                  <list>
                    <option value="0.2" />
                  </list>
                </option>
              </splitter-proportions>
            </settings>
          </state>
        </states>
      </component>
    </defaultProject>
  </component>
</application>