<keymap version="1" name="Default copy" parent="$default">
  <action id="ChangesView.SetDefault" />
  <action id="ClassNameCompletion" />
  <action id="Compare.SameVersion">
    <keyboard-shortcut first-keystroke="alt k" />
  </action>
  <action id="Git.CompareWithBranch">
    <keyboard-shortcut first-keystroke="alt b" />
  </action>
  <action id="Groovy.NewClass">
    <keyboard-shortcut first-keystroke="alt g" />
  </action>
  <action id="HippieCompletion" />
  <action id="NewClass">
    <keyboard-shortcut first-keystroke="alt c" />
  </action>
  <action id="NewDir">
    <keyboard-shortcut first-keystroke="alt p" />
  </action>
  <action id="SelectInProjectView">
    <keyboard-shortcut first-keystroke="ctrl alt space" />
  </action>
  <action id="ToggleFullScreen">
    <keyboard-shortcut first-keystroke="alt f" />
  </action>
  <action id="ViewNavigationBar">
    <keyboard-shortcut first-keystroke="alt comma" />
  </action>
  <action id="ViewStatusBar">
    <keyboard-shortcut first-keystroke="alt slash" />
  </action>
  <action id="ViewToolButtons">
    <keyboard-shortcut first-keystroke="alt period" />
  </action>
  <action id="XDebugger.MuteBreakpoints">
    <keyboard-shortcut first-keystroke="alt m" />
  </action>
</keymap>